run_id,cv_mean_cost,colsample_bytree,gamma,grow_policy,learning_rate,max_depth,min_child_weight,reg_alpha,scale_pos_weight,subsample
1,13870.0,0.9464443542625757,0.36766212132988446,lossguide,0.11097686698890691,39,9,0.0385441955250944,59,0.5329805453420119
2,27170.0,0.7889286076422677,0.2284080836901078,lossguide,0.05433909023903662,14,5,0.02844289953523578,1,0.8675329816443347
3,25558.0,0.5920051008137326,0.2882592663547781,depthwise,0.09979415724814564,74,1,0.023285493929599044,1,0.8860890147716234
4,27656.0,0.8939646169127522,0.19237808805872203,lossguide,0.04296839012312367,11,2,0.01713444539766409,1,0.953907926251762
5,26670.0,0.8060155885224669,0.609154407251676,lossguide,0.08954565553850875,77,10,0.003410467420835206,1,0.9659860345984186
6,26514.0,0.5269546360368764,0.36815024697696697,depthwise,0.17702491056981248,7,9,0.018896208966404995,1,0.5069757864877985
7,25424.0,0.710096840000566,0.12221135227079538,lossguide,0.5376118454831808,81,3,0.003981303884912618,1,0.6171810430607103
8,23410.0,0.8395344182827148,0.5056194912102797,lossguide,0.4241905667200654,66,4,0.04914085568652225,1,0.8083891785008288
9,31172.0,0.9593008889887629,0.529413224654702,lossguide,0.019291425317745733,18,2,0.00908064256653819,1,0.9745081603438082
10,38284.0,0.5002010124456787,0.2940219415894791,depthwise,0.06326096697022021,3,3,0.04059293488602699,1,0.9750880596235398
11,23044.0,0.9883795745155298,0.38998742895596894,lossguide,0.7257844842002013,78,8,0.04374808224779491,1,0.7783265940975782
12,18562.0,0.6882901573728872,0.24438095589799363,depthwise,0.43039434182075714,73,3,0.03442066261929717,59,0.9578031748831373
13,24568.0,0.9868917691791612,0.14768671163268973,lossguide,0.16043699364913294,8,7,0.02847472063726879,1,0.8207831044731688
14,18282.0,0.8023580504870265,0.40500504218479305,depthwise,0.19672105098203932,27,1,0.00804857184078044,59,0.6950038570706232
15,25758.0,0.9144229039903464,0.16251196928955008,lossguide,0.5604311320155688,52,10,0.023344001138165316,1,0.7429953335484549
16,24974.0,0.7873557523540511,0.6871906082112638,lossguide,0.15461781602089592,22,3,0.01725860255776075,1,0.8021552414599866
17,16808.0,0.8140380991536752,0.17766880418746595,lossguide,0.4402056061822108,20,7,0.01125199789070423,59,0.7747739607542813
18,18994.0,0.642788140847847,0.4411195949657896,lossguide,0.7278147919253511,86,7,0.02962559343828984,59,0.9630907133532268
19,26526.0,0.7934166703280414,0.15435495295556703,lossguide,0.6366533131026261,13,3,0.01561349188509585,1,0.959366717816803
20,26212.0,0.87501088185133,0.6959598674443236,lossguide,0.18748734176921375,30,8,0.04581527767341754,1,0.6974378064617774
21,17226.0,0.9291569182145212,0.691791448165516,depthwise,0.3753895885588602,31,8,0.045481776247577856,59,0.981631264220356
22,20234.0,0.8775410942338401,0.29430457293631546,depthwise,0.468767231602221,16,1,0.01285591468910981,59,0.5869778333402322
23,19382.0,0.8490286242236516,0.47985292847965394,lossguide,0.6234458656671322,52,7,0.00554456503720146,59,0.5631647597198186
24,25964.0,0.9322397150272999,0.46784281785172555,lossguide,0.12602563203810235,70,6,0.009648136600955643,1,0.5675395790233657
25,17578.0,0.6613404984183733,0.4990599065674362,depthwise,0.023746389611283045,89,2,0.024979208533944305,59,0.7528310828384484
26,14644.0,0.8353943953937937,0.7217481768358395,depthwise,0.06181638635222452,89,5,0.03642928339872981,59,0.5107624026370989
27,24090.0,0.7254369682066746,0.26963633675011195,depthwise,0.36989538209340356,96,7,0.010409721920439576,1,0.9739851056088404
28,18280.0,0.6910513760157586,0.25016002443818286,lossguide,0.45868380162346445,98,1,0.012401677918861537,59,0.9135577355853662
29,18228.0,0.7054056749610929,0.44674151889336394,lossguide,0.43095006344399617,88,7,0.04258359374681835,59,0.5075094903710612
30,16464.0,0.7007397917347703,0.7174597900462157,depthwise,0.24484818289839896,15,6,0.02079243591337637,59,0.5880981277875277
31,19614.0,0.6586919729791385,0.42048873580408486,depthwise,0.7415759542652122,11,2,0.030834253357761812,59,0.6660317871834185
32,24432.0,0.8109596839601507,0.4513903307353686,depthwise,0.4390114622418897,9,3,0.011683306961962504,1,0.5654984224054584
33,18370.0,0.7151236354106322,0.5975653178865661,depthwise,0.2913044677414273,65,2,0.005098362971289872,59,0.904745346063291
34,24414.0,0.9869010389636261,0.1294747235735246,depthwise,0.4177016821472436,63,6,0.02579285084842649,1,0.6723683263416467
35,18802.0,0.8389004457171556,0.1909779774746144,lossguide,0.5615474788708116,24,5,0.02385704935248912,59,0.9700537411666836
36,19320.0,0.5992849442135555,0.6150623307674125,lossguide,0.5052323411553566,59,1,0.007633582204658163,59,0.79100708997354
37,8852.0,0.7133505046740164,0.11937088281855562,lossguide,0.20604047267047895,3,8,0.031090311587020775,59,0.939415992205922
38,9656.0,0.6716731198872115,0.674031559282625,lossguide,0.059087777477046764,2,9,0.02720050594069691,59,0.9223672226961109
39,25604.0,0.8988194019792832,0.451512323240627,lossguide,0.2838623064564387,62,10,0.03270686734853722,1,0.9526961593543246
40,18116.0,0.9399991442817159,0.3911871179232718,lossguide,0.4759909551959577,83,6,0.0072272770062329905,59,0.7299401329084034
41,15296.0,0.951920977913186,0.6798883168012227,lossguide,0.1655287673369813,10,8,0.0375763908567622,59,0.7731734080101866
42,19078.0,0.8313599061876311,0.3454298217482115,depthwise,0.5670391097667222,90,1,0.011102456989996136,59,0.8993017955760196
43,29876.0,0.6351041310148788,0.4499760512819903,depthwise,0.059236996202045054,15,10,0.025967591218301653,1,0.6428594258670738
44,24482.0,0.6261833507522949,0.5239942733413024,lossguide,0.2026331729481203,49,4,0.03926480141108095,1,0.7451267613099639
45,17340.0,0.9274489713487012,0.3348196631375537,depthwise,0.6055183771700756,74,10,0.001116521399590309,59,0.7995551538229392
46,24570.0,0.7638573231543733,0.4711555647703101,depthwise,0.15314136914126253,32,2,0.016218122986309324,1,0.5077666377754179
47,17204.0,0.901080542002299,0.5145937146387897,depthwise,0.4832010518511557,73,5,0.043646118820005554,59,0.7967407040983185
48,17174.0,0.7862442585958032,0.1821046752791774,lossguide,0.3982560287515629,5,5,0.04223548038010348,59,0.7168381744947292
49,24590.0,0.8665712626437556,0.5486329820408443,depthwise,0.6943578980955195,72,7,0.026922029629727187,1,0.9036802644424207
50,24890.0,0.7595058137320279,0.5210371098526759,lossguide,0.20483961016046212,23,9,0.04333041370832565,1,0.6576224015476865
51,27550.0,0.8098445927083054,0.2152051998282504,lossguide,0.05433909023903662,14,5,0.007788380401465327,1,0.8675329816443347
52,17048.0,0.8088391153453639,0.17766880418746595,depthwise,0.43755761755266975,27,8,0.011336484649290896,59,0.7416537290301009
53,18484.0,0.8775410942338401,0.2952083607247389,depthwise,0.468767231602221,18,1,0.01285591468910981,59,0.5869778333402322
54,25954.0,0.9089661585776921,0.46784281785172555,lossguide,0.08983531094829965,74,6,0.0036393595885235693,1,0.5772894042316711
55,26066.0,0.8499548557668326,0.4758631353282546,depthwise,0.6234458656671322,52,7,0.010839484033753828,1,0.6146971389577995
56,15356.0,0.8389004457171556,0.7327650547202267,lossguide,0.09036800876026112,36,5,0.017101465529016056,59,0.8071935810979766
57,18792.0,0.6882901573728872,0.24438095589799363,depthwise,0.43039434182075714,73,3,0.03442066261929717,59,0.9515219804354684
58,18124.0,0.9291569182145212,0.691791448165516,depthwise,0.047204110756483536,31,2,0.045481776247577856,59,0.981631264220356
59,25562.0,0.5914908874367275,0.2882592663547781,depthwise,0.09979415724814564,74,1,0.030948562479719853,1,0.8860890147716234
60,24862.0,0.8023580504870265,0.40500504218479305,depthwise,0.19672105098203932,27,1,0.00804857184078044,1,0.6950038570706232
61,32586.0,0.5002010124456787,0.2940219415894791,lossguide,0.18539195979191228,2,3,0.03912645546662558,1,0.9934501953128658
62,33710.0,0.6286815953362339,0.4742525877979956,lossguide,0.153688856420979,2,2,0.02610574548418739,1,0.9223672226961109
63,16416.0,0.6007921703881446,0.5486329820408443,lossguide,0.5061941208974967,72,7,0.0071787460235259535,59,0.7923230233621059
64,25724.0,0.9000423240160913,0.36413808956627913,depthwise,0.28403541687490047,38,9,0.0385441955250944,1,0.5405740889498016
65,32266.0,0.6613404984183733,0.4990599065674362,depthwise,0.013941771463428468,28,2,0.024979208533944305,1,0.7528310828384484
66,16748.0,0.9511585158437469,0.6798883168012227,lossguide,0.4686156245441807,12,6,0.033820662299705886,59,0.773504928313209
67,25710.0,0.6351041310148788,0.4499760512819903,depthwise,0.42353803832912773,15,4,0.04957390219049643,1,0.6428594258670738
68,18204.0,0.9781563212230489,0.15213379391832438,lossguide,0.7355232789792385,86,7,0.02962559343828984,59,0.9628504080889579
69,18164.0,0.6910513760157586,0.25016002443818286,lossguide,0.45868380162346445,98,2,0.012401677918861537,59,0.9002490799433063
70,23816.0,0.7865690556760341,0.3454298217482115,depthwise,0.5670391097667222,97,1,0.011102456989996136,1,0.7162069313652104
71,25594.0,0.7595058137320279,0.5210371098526759,depthwise,0.19645838019798914,21,9,0.04333041370832565,1,0.6596024841812388
72,27408.0,0.7933943288484917,0.11937088281855562,depthwise,0.20604047267047895,3,8,0.031714410025482885,1,0.939415992205922
73,16562.0,0.7007397917347703,0.5801905795223311,depthwise,0.24802549030728122,15,6,0.005849197590383184,59,0.5880981277875277
74,24270.0,0.6977503810727054,0.3913634411142037,lossguide,0.43790279069965954,81,8,0.04374808224779491,1,0.5195950105517133
75,17998.0,0.710096840000566,0.1250289045109255,lossguide,0.4797638443705207,81,3,0.0035344103788723935,59,0.6150474347391774
76,30758.0,0.9383810191852197,0.5426178561366075,lossguide,0.019291425317745733,18,2,0.028136164633569966,1,0.9745081603438082
77,16442.0,0.9196218859696761,0.16251196928955008,lossguide,0.5817145044901417,52,9,0.023259514388820277,59,0.7761155652726355
78,17206.0,0.901080542002299,0.5136899271056414,depthwise,0.4832010518511557,71,5,0.043646118820005554,59,0.7967407040983185
79,25966.0,0.8060155885224669,0.609154407251676,lossguide,0.12573597662831265,77,10,0.01051936127207471,1,0.9793205430337705
80,18570.0,0.8100334524169697,0.455380123886768,lossguide,0.5096530800825166,7,3,0.011683306961962504,59,0.5654984224054584
81,19098.0,0.7873557523540511,0.13891323271964973,depthwise,0.5754248393377832,29,3,0.024014186381233874,59,0.87592898095375
82,23874.0,0.6186845484244967,0.5239942733413024,depthwise,0.2026331729481203,49,4,0.03926480141108095,1,0.7513930479429197
83,24406.0,0.8939646169127522,0.19237808805872203,lossguide,0.3714379177446837,14,8,0.01713444539766409,1,0.953907926251762
84,20758.0,0.6772672894730065,0.42048873580408486,depthwise,0.7440280844001329,11,2,0.023171184807640927,59,0.6637016500325542
85,14566.0,0.8262159374138831,0.7478252007910814,depthwise,0.06181638635222452,89,5,0.03642928339872981,59,0.5107624026370989
86,29678.0,0.5269546360368764,0.36815024697696697,lossguide,0.06541762371062246,9,9,0.018896208966404995,1,0.5017360326446638
87,30284.0,0.7638573231543733,0.6709341351127065,depthwise,0.05854031275972147,29,8,0.020102645969816434,1,0.5077666377754179
88,26318.0,0.8650645421347736,0.6210744400499751,depthwise,0.6926143007417475,62,1,0.027376954966395126,1,0.9023643308503443
89,26382.0,0.9355755990299137,0.3668150702173162,lossguide,0.11080376866065612,62,10,0.03270686734853722,1,0.9454830118742128
90,15386.0,0.87501088185133,0.6959598674443236,lossguide,0.2012152508436727,91,8,0.04581527767341754,59,0.6974378064617774
91,26478.0,0.9876632808354191,0.13901725198893689,depthwise,0.12947865708323297,61,8,0.02625325228599147,1,0.6720368060387129
92,13738.0,0.8395344182827148,0.5056194912102797,lossguide,0.06296803543751069,66,9,0.025015133680146486,59,0.7814517452479547
93,14308.0,0.649802565992395,0.43768305815102154,lossguide,0.1443730335117981,8,7,0.02847472063726879,59,0.8210206424465218
94,17024.0,0.7254369682066746,0.26963633675011195,depthwise,0.36989538209340356,96,7,0.010409721920439576,59,0.9739851056088404
95,17696.0,0.8310351091074002,0.1821046752791774,lossguide,0.32006177876435804,13,5,0.04223548038010348,59,0.8957687615640295
96,24218.0,0.9274489713487012,0.34680329303828683,lossguide,0.6138968247698051,70,10,0.001116521399590309,1,0.8104863128658535
97,24476.0,0.7133728461535659,0.15435495295556703,lossguide,0.6366533131026261,13,3,0.0153673338303116,1,0.9681847366905822
98,17112.0,0.7151236354106322,0.7345695190682342,depthwise,0.2881271603325451,59,2,0.02004167497566095,59,0.9114089000725399
99,17466.0,0.992207976653861,0.44536550673512926,depthwise,0.7223427054434162,89,8,0.04258359374681835,59,0.7680795342803443
100,24734.0,0.9399991442817159,0.3887346424221845,depthwise,0.5037933769819608,83,6,0.0072272770062329905,1,0.7051453163242208
101,17232.0,0.7091510283101798,0.12603349158401048,lossguide,0.4390609495253005,16,7,0.01094515828619902,59,0.6046058105158632
102,23780.0,0.6829368385547571,0.24438095589799363,depthwise,0.4408203281162205,78,3,0.03328055674855138,1,0.924760484662593
103,25630.0,0.7735459398025263,0.13853657184521945,depthwise,0.5720197745878646,66,9,0.04374808224779491,1,0.7828552003196501
104,13154.0,0.8395344182827148,0.10471351585105781,lossguide,0.06129635841142522,66,9,0.02488643520349408,59,0.7751257381856914
105,13786.0,0.7862442585958032,0.7441450456014107,lossguide,0.09011370549984879,9,5,0.04034672774698788,59,0.7168381744947292
106,18362.0,0.8481321039849531,0.47985292847965394,lossguide,0.6370449121135887,47,8,0.00554456503720146,59,0.5631647597198186
107,9644.0,0.7204591435861076,0.5158194014738614,lossguide,0.04489569426194298,3,3,0.02720050594069691,59,0.5587285610737645
108,18898.0,0.9458420934997149,0.3911871179232718,lossguide,0.4759909551959577,81,2,0.009251713409901729,59,0.7240071359479775
109,17514.0,0.7978097790136384,0.4136560943915494,depthwise,0.19672105098203932,27,1,0.01078513685799752,59,0.6950038570706232
110,17896.0,0.8319013970660291,0.17973799905329368,lossguide,0.3183357036991237,23,5,0.002165168823631186,59,0.7985422888863931
111,15738.0,0.6896960728495861,0.7174597900462157,lossguide,0.0471060113634201,15,2,0.02079243591337637,59,0.5880981277875277
112,25486.0,0.9291569182145212,0.691791448165516,depthwise,0.3753895885588602,29,8,0.045481776247577856,1,0.981631264220356
113,16922.0,0.839136247813389,0.4216581774639193,depthwise,0.06181638635222452,89,2,0.03642928339872981,59,0.6813855970780992
114,19220.0,0.8313599061876311,0.3454298217482115,lossguide,0.5670391097667222,90,1,0.011102456989996136,59,0.8854478670911857
115,15374.0,0.9506663283994753,0.1468794698871927,lossguide,0.1655287673369813,10,8,0.029771345584020784,59,0.7414683724794731
116,18088.0,0.7054056749610929,0.44674151889336394,lossguide,0.4322161147719955,88,7,0.041957947177756444,59,0.5075094903710612
117,16140.0,0.888985803908191,0.6430027384184888,depthwise,0.46876602809890594,12,6,0.033820662299705886,59,0.7809662289771787
118,18496.0,0.6910513760157586,0.25016002443818286,lossguide,0.45868380162346445,98,1,0.012286129625026683,59,0.8995146999134351
119,16650.0,0.6017732560320451,0.6165809043463228,lossguide,0.7223427054434162,50,8,0.009970971730379844,59,0.7680795342803443
120,18552.0,0.5793724706611038,0.5486329820408443,lossguide,0.5127419633838614,72,7,0.045452088720773665,59,0.6989697602796158
121,17604.0,0.8389004457171556,0.18612399674867586,lossguide,0.6087536083946644,24,5,0.022920966285048635,59,0.9700537411666836
122,24498.0,0.6374301403275875,0.4411195949657896,depthwise,0.42941413720333976,73,7,0.02544767404602942,1,0.9526523225049256
123,16852.0,0.649802565992395,0.48283473130967824,depthwise,0.4707056483064659,8,8,0.02847472063726879,59,0.7963549691895779
124,15486.0,0.8804413892590007,0.7387287475572484,lossguide,0.09036800876026112,53,6,0.017101465529016056,59,0.8014634844677256
125,19622.0,0.6723868718711246,0.2969540018109569,lossguide,0.7440280844001329,11,1,0.013031252086442114,59,0.6637016500325542
126,24100.0,0.814983910844003,0.17666423507434967,lossguide,0.480908501027431,84,3,0.009534113663950213,1,0.7852156086229944
127,17458.0,0.9249726597086594,0.17639084530347343,lossguide,0.5651332734116541,52,9,0.023259514388820277,59,0.7761155652726355
128,18422.0,0.9949092126489192,0.39042216655403805,depthwise,0.7271038676793345,44,3,0.023326804100440194,59,0.87592898095375
129,8620.0,0.7452004800123693,0.5348433688800242,lossguide,0.20771276117768445,3,8,0.031219010063673176,59,0.9457402704439816
130,25604.0,0.8262159374138831,0.18997668450077296,depthwise,0.4120885811630268,86,5,0.03606918861769432,1,0.5107624026370989
131,17824.0,0.7801917701835098,0.26963633675011195,lossguide,0.3562957104069456,99,7,0.010409721920439576,59,0.9739851056088404
132,17486.0,0.8574338330650477,0.6624989195712376,lossguide,0.5253286468083047,7,9,0.011683306961962504,59,0.9149039152995365
133,25078.0,0.723035998072749,0.5975653178865661,depthwise,0.2913044677414273,65,6,0.005098362971289872,1,0.909662663355127
134,24616.0,0.9056288132000657,0.5059426624320297,depthwise,0.4832010518511557,73,5,0.04238012444951539,1,0.7967407040983185
135,18324.0,0.9265826827746353,0.366353111546108,lossguide,0.5990953288033546,75,10,0.04147985074696667,59,0.8967816264736816
136,16426.0,0.9401871967057114,0.691791448165516,depthwise,0.24496558187128012,31,6,0.045481776247577856,59,0.981631264220356
137,17336.0,0.8088391153453639,0.17766880418746595,depthwise,0.43755761755266975,20,8,0.011336484649290896,59,0.7416537290301009
138,23226.0,0.6549501207468427,0.7300401750642724,lossguide,0.7415759542652122,9,5,0.030834253357761812,59,0.5019044788596514
139,14990.0,0.9464443542625757,0.36766212132988446,depthwise,0.18249687581314686,41,9,0.0385441955250944,59,0.5372655295112583
140,24010.0,0.9794109702084285,0.7421294716731947,lossguide,0.7355232789792385,90,7,0.03743063871101422,1,0.9633621052769736
141,18390.0,0.6726929066185214,0.25016002443818286,depthwise,0.45741775029546516,94,2,0.012401677918861537,59,0.8763689691517825
142,18726.0,0.8789247915399168,0.3055423201063363,lossguide,0.4882798834179349,16,1,0.014455328157040221,59,0.5795170190339942
143,17782.0,0.6613404984183733,0.4990599065674362,depthwise,0.023746389611283045,87,2,0.025094756836830455,59,0.7528310828384484
144,19406.0,0.985977044839013,0.4438469320681605,depthwise,0.5052323411553566,89,1,0.04024599010033088,59,0.79100708997354
145,16386.0,0.8730791974845008,0.6959598674443236,depthwise,0.19466743769963987,79,9,0.007519710229736097,59,0.7907910695442703
146,15978.0,0.7007397917347703,0.5850705738222631,lossguide,0.2561252126133453,15,6,0.006785364500816082,59,0.5880981277875277
147,19294.0,0.6936481578931475,0.24438095589799363,lossguide,0.7281980403532501,85,3,0.0344537378053642,59,0.9619603712837698
148,16258.0,0.8919466365281017,0.4174373938474972,lossguide,0.15686886489804217,71,6,0.043646118820005554,59,0.8214063773552625
149,18416.0,0.7151236354106322,0.7345695190682342,depthwise,0.2877479728117812,36,2,0.0189538335655151,59,0.9171389945257519
150,24206.0,0.8824214824235673,0.4187430947181466,depthwise,0.4721168251029833,18,1,0.022995847410626206,1,0.5869778333402322
151,13058.0,0.8228414168063879,0.18176613526133156,lossguide,0.022579783077741444,12,6,0.017101465529016056,59,0.8014634844677256
152,51428.0,0.7279118963572454,0.5158194014738614,depthwise,0.04489569426194298,2,9,0.02720050594069691,1,0.5324602540712586
153,18198.0,0.6613404984183733,0.6770212199652826,lossguide,0.023315397326795897,99,2,0.024979208533944305,59,0.7738687913799152
154,16888.0,0.6896960728495861,0.6640242768558552,lossguide,0.07045359929035133,15,2,0.006018911104510964,59,0.5880981277875277
155,16948.0,0.9291569182145212,0.691791448165516,lossguide,0.3753895885588602,35,8,0.04507229559652227,59,0.9910591423026327
156,16660.0,0.9013673575124359,0.34301521070501195,lossguide,0.49102543315548625,76,10,0.004570522759044501,59,0.7995551538229392
157,17864.0,0.6786893590591936,0.17584740766404383,depthwise,0.023746389611283045,89,2,0.025094756836830455,59,0.7397999509540429
158,23792.0,0.8301116748461058,0.1821046752791774,lossguide,0.32006177876435804,13,5,0.04223525080721057,1,0.8957687615640295
159,11420.0,0.935583310366214,0.6943763247019483,lossguide,0.20771276117768445,4,5,0.045787328782972495,59,0.9457402704439816
160,25386.0,0.649802565992395,0.4377098415102548,lossguide,0.1443730335117981,7,7,0.023277821335545158,1,0.7753609886350441
161,14464.0,0.8889524261988486,0.10471351585105781,depthwise,0.06132234887905913,66,6,0.02488643520349408,59,0.7805456653955096
162,8328.0,0.8385764077975448,0.1314453320041778,lossguide,0.20604047267047895,2,2,0.031090311587020775,59,0.6911207278390701
163,17858.0,0.6017732560320451,0.6165809043463228,lossguide,0.7223427054434162,50,7,0.01036309919071876,59,0.767802502959848
164,24786.0,0.6756005868487702,0.7441450456014107,lossguide,0.09011370549984879,9,5,0.04034672774698788,1,0.7168381744947292
165,24836.0,0.7091510283101798,0.11096100560941824,depthwise,0.4140044033257594,18,8,0.012994590672656264,1,0.6013244666982501
166,16098.0,0.9760966193077125,0.6828045183253812,lossguide,0.10725290629871632,18,5,0.017172350704420716,59,0.7754862998694663
167,17150.0,0.941889073854195,0.745461118296262,depthwise,0.18249687581314686,42,2,0.020797102286666265,59,0.5288967294006051
168,16802.0,0.6715999944866575,0.7262488136121021,depthwise,0.4500221071134247,20,8,0.020571445634925006,59,0.7416537290301009
169,18030.0,0.8363245309772086,0.5036905058151618,depthwise,0.6198769003901796,22,6,0.02322935643855307,59,0.7958349238880363
170,13414.0,0.8353943953937937,0.7217481768358395,depthwise,0.06181638635222452,82,7,0.011328054824346762,59,0.7579489016032689
171,14570.0,0.8262159374138831,0.7478252007910814,depthwise,0.06181638635222452,15,5,0.03642928339872981,59,0.5128574072930657
172,24026.0,0.6007921703881446,0.5486329820408443,depthwise,0.5061941208974967,14,7,0.0071787460235259535,1,0.7923230233621059
173,18672.0,0.7254369682066746,0.271982800729175,depthwise,0.19931307880136806,26,1,0.010442099568012645,59,0.9739851056088404
174,24892.0,0.6478807197563485,0.6959598674443236,lossguide,0.19615512061391482,10,9,0.007519710229736097,1,0.7908656550651051
175,16280.0,0.9196218859696761,0.16251196928955008,lossguide,0.5893001884942023,3,9,0.02360342379787044,59,0.7761155652726355
176,15614.0,0.9537659526926334,0.6994295759148939,depthwise,0.15735907918145658,51,8,0.029771345584020784,59,0.7414683724794731
177,16480.0,0.9389849545131131,0.36766212132988446,depthwise,0.04869392417774811,39,3,0.029220168786304592,59,0.5592488523462458
178,15812.0,0.951920977913186,0.48788002858384677,lossguide,0.16612514849585552,10,8,0.0375763908567622,59,0.7521356994687198
179,16038.0,0.8574338330650477,0.7159344297371937,lossguide,0.5026697583433031,30,9,0.020716353835172577,59,0.9149039152995365
180,13536.0,0.8395344182827148,0.48698614060971196,depthwise,0.06296803543751069,67,9,0.025305368493798195,59,0.7699440344064443
181,18518.0,0.9228409655920429,0.5063981670714177,depthwise,0.5976939958595011,73,5,0.04046290704041428,59,0.8395288059683834
182,17038.0,0.8084605997027337,0.5008942216475681,depthwise,0.41835786339197006,27,8,0.011336484649290896,59,0.7529809091624953
183,25596.0,0.8759343161126243,0.6959598674443236,lossguide,0.2012152508436727,91,8,0.04581550724607397,1,0.7245956240299409
184,16932.0,0.7498029906059056,0.5322576592853481,depthwise,0.22797738581638102,31,8,0.030913194101990272,59,0.9957676787574086
185,24298.0,0.9249726597086594,0.1763666596006215,lossguide,0.5651332734116541,52,9,0.029224797457804166,1,0.8517304591544397
186,26220.0,0.839567795992056,0.6631637333818472,depthwise,0.4292736467702813,12,9,0.033820662299705886,1,0.7810009545174534
187,13760.0,0.7039039798249861,0.4102405200137803,depthwise,0.06181638635222452,89,8,0.036374779310752475,59,0.929672984827106
188,15772.0,0.8919466365281017,0.4174373938474972,lossguide,0.15686886489804217,77,8,0.04325122555272751,59,0.8216834086757588
189,9678.0,0.7823167916346112,0.674031559282625,lossguide,0.059087777477046764,2,9,0.02533891299972927,59,0.9223672226961109
190,18046.0,0.992207976653861,0.4520828631021076,lossguide,0.7416593740144415,87,8,0.04258359374681835,59,0.7713608918373059
191,16828.0,0.8389004457171556,0.7449186616715628,lossguide,0.48264741802991484,36,5,0.033749777120501506,59,0.8005975178621956
192,17692.0,0.7196710321952823,0.3438842343249652,depthwise,0.2881271603325451,59,9,0.037788767547769955,59,0.9102756789804125
193,17554.0,0.8211430656500689,0.16532186107169905,depthwise,0.2323836934500964,15,6,0.011557474928188614,59,0.5880981277875277
194,18510.0,0.9036564567415064,0.1961289833658054,lossguide,0.47207775946509634,71,5,0.04333757924464876,59,0.9709273497620469
195,25546.0,0.8140380991536752,0.17766880418746595,lossguide,0.4402056061822108,21,5,0.03635323751204505,1,0.5286903344839097
196,15874.0,0.7007397917347703,0.5850705738222631,depthwise,0.2561252126133453,91,6,0.0038423337650523408,59,0.5860257176275634
197,24312.0,0.7007397917347703,0.5801905795223311,depthwise,0.24824213634185957,65,6,0.008138669898598684,1,0.5880981277875277
198,17720.0,0.7978097790136384,0.42472681264470863,lossguide,0.36730335430110406,96,7,0.010752759210424451,59,0.6950038570706232
199,24234.0,0.8750010202154954,0.48283473130967824,depthwise,0.45383511006283345,79,8,0.02847472063726879,1,0.7962803836687432
200,17120.0,0.8220076415522752,0.19881775659863718,lossguide,0.3906703436522498,54,5,0.04223548038010348,59,0.7629442501400974
201,24422.0,0.7043063048939662,0.5349953091629428,depthwise,0.2561252126133453,91,6,0.0032076651740796085,1,0.5871444124061482
202,16206.0,0.8351975894186958,0.4282940080251997,depthwise,0.15686886489804217,77,9,0.04454937128455206,59,0.8216834086757588
203,32468.0,0.8228414168063879,0.18482211097069284,lossguide,0.022369388736190148,12,5,0.017101465529016056,1,0.8014634844677256
204,15480.0,0.6960501613174676,0.5801905795223311,depthwise,0.20418672324265763,15,6,0.005849197590383184,59,0.5847733687298795
205,15612.0,0.8730791974845008,0.6957590343974419,depthwise,0.19466743769963987,69,9,0.007519710229736097,59,0.7459839162153137
206,14684.0,0.8804413892590007,0.739743477046842,lossguide,0.09036800876026112,53,7,0.013034625249844677,59,0.8014634844677256
207,14342.0,0.8417949077796699,0.10598927452297487,lossguide,0.08808319482067528,13,8,0.02651664380237276,59,0.7420435562113773
208,9644.0,0.7213139380536068,0.5158194014738614,lossguide,0.04489569426194298,3,3,0.02720050594069691,59,0.5587285610737645
209,13622.0,0.7849795940794353,0.7321517557056957,depthwise,0.06837549679299675,10,5,0.015961570110790177,59,0.8071935810979766
210,16240.0,0.9511585158437469,0.5252829320922069,lossguide,0.47173189043129043,10,6,0.033820662299705886,59,0.7723265724512063
211,14840.0,0.8372301924439821,0.43489053067977956,lossguide,0.06181638635222452,70,5,0.03642928339872981,59,0.8155553208565162
212,17314.0,0.6659729253691922,0.5476388010505847,lossguide,0.49537956348052303,20,7,0.020571445634925006,59,0.7466790121699892
213,16356.0,0.7007397917347703,0.7174597900462157,lossguide,0.24484818289839896,15,5,0.02079243591337637,59,0.5880981277875277
214,24782.0,0.740461139658348,0.5850705738222631,lossguide,0.2561252126133453,13,6,0.00655209626588542,1,0.5880981277875277
215,15828.0,0.8264046771680543,0.484902214442852,depthwise,0.16612514849585552,10,8,0.025655942282268668,59,0.7521356994687198
216,28158.0,0.6776335237117921,0.48044939093964734,depthwise,0.06181638635222452,13,8,0.036374779310752475,1,0.774289334895744
217,17048.0,0.9537659526926334,0.7024448988851362,depthwise,0.5139258543658396,51,8,0.005338127071015202,59,0.7414683724794731
218,8218.0,0.6871962606641218,0.11937088281855562,lossguide,0.18162545378552208,2,9,0.031090311587020775,59,0.939415992205922
219,9152.0,0.8539275926183822,0.743778447520375,lossguide,0.06808151913693805,2,8,0.02720050594069691,59,0.8120858429145535
220,19072.0,0.6017732560320451,0.6165809043463228,lossguide,0.6825703638866192,50,9,0.009970971730379844,59,0.7671261110839172
221,13692.0,0.8530223188735335,0.5051829082587929,lossguide,0.062243663253407945,66,9,0.024960083887723458,59,0.7814517452479547
222,8426.0,0.8890839971331894,0.21131764841423753,depthwise,0.07813283613262387,4,5,0.0235073731707219,59,0.7808245906914935
223,16040.0,0.6896960728495861,0.7174597900462157,lossguide,0.0471060113634201,14,2,0.02079243591337637,59,0.5880981277875277
224,9500.0,0.817190799562576,0.11374082850113076,depthwise,0.05989174286182318,2,2,0.03046307816666855,59,0.5026310748173779
225,10694.0,0.9196218859696761,0.2030642541598854,lossguide,0.5883992266998748,2,9,0.02357096503590459,59,0.7749516465416543
226,16166.0,0.9354136111103889,0.36766212132988446,depthwise,0.04869392417774811,39,3,0.02987561058275423,59,0.5581301575676659
227,14098.0,0.8921434425031867,0.7105976036264001,lossguide,0.06181638635222452,82,7,0.011328054824346762,59,0.7614407789161522
228,13792.0,0.9464443542625757,0.34440263271640986,depthwise,0.11121691103433039,39,9,0.0385441955250944,59,0.5329805453420119
229,17150.0,0.87970050548091,0.6959598674443236,lossguide,0.24505401790829628,91,8,0.04581527767341754,59,0.723769510397163
230,17038.0,0.9401871967057114,0.6919922812123976,depthwise,0.24496558187128012,37,6,0.045481776247577856,59,0.9848043925962
231,17420.0,0.8574338330650477,0.7159344297371937,lossguide,0.546147593702336,30,9,0.020716353835172577,59,0.9149039152995365
232,16314.0,0.9484057749020557,0.14562849817727647,lossguide,0.16597949471220919,63,9,0.029769859340790815,59,0.7745505544537873
233,16248.0,0.8881310056780678,0.6430027384184888,lossguide,0.46876602809890594,4,6,0.033820662299705886,59,0.7809662289771787
234,15040.0,0.8351178943841248,0.7447583224424795,lossguide,0.03638527293724659,34,4,0.04034672774698788,59,0.7168381744947292
235,8698.0,0.7452004800123693,0.6894480624817656,lossguide,0.20771276117768445,2,7,0.031219010063673176,59,0.946916995300454
236,26660.0,0.8919466365281017,0.6505270821363247,lossguide,0.15686886489804217,91,6,0.043646118820005554,1,0.5180791291786475
237,17416.0,0.6064192395060145,0.7271557623395951,lossguide,0.5155759505994394,78,8,0.0071787460235259535,59,0.7872977402222175
238,16510.0,0.9760966193077125,0.7431916041758968,depthwise,0.10725290629871632,18,6,0.017172350704420716,59,0.7754862998694663
239,14652.0,0.8889524261988486,0.10471351585105781,depthwise,0.06132234887905913,66,6,0.025119778820709253,59,0.7805456653955096
240,27982.0,0.9650445224434522,0.4879673848283997,lossguide,0.06296803543751069,63,9,0.039066356750525534,1,0.7699440344064443
241,15886.0,0.9771998078279132,0.6798883168012227,lossguide,0.1655287673369813,86,8,0.036728037606016936,59,0.9285569734889951
242,26290.0,0.9013673575124359,0.34301521070501195,lossguide,0.13446210238362932,76,10,0.029006360624325666,1,0.7995551538229392
243,15338.0,0.9516493880448622,0.36766212132988446,lossguide,0.23973209710022092,43,9,0.0385441955250944,59,0.5372655295112583
244,18550.0,0.5997678777155833,0.6958228653751891,lossguide,0.48264741802991484,37,5,0.033749777120501506,59,0.9108788946472559
245,10066.0,0.9842070018039466,0.6911525874868264,lossguide,0.21779533439435816,3,5,0.045787328782972495,59,0.9466918198283456
246,15052.0,0.6363146722977745,0.45742287869094167,lossguide,0.1450974091512007,8,7,0.0291455250378719,59,0.8075830607720692
247,18696.0,0.9168687871077926,0.7052616670953065,depthwise,0.5658170801165785,62,8,0.03778821705432955,59,0.5102520341624448
248,23520.0,0.8140380991536752,0.17766880418746595,lossguide,0.4402056061822108,20,7,0.010228778257573862,1,0.7747739607542813
249,16818.0,0.8382063891813561,0.7475154385984739,depthwise,0.2079659349219573,89,5,0.03701046997594057,59,0.7054574135495273
250,8714.0,0.7823167916346112,0.5889498765093982,depthwise,0.06053808685907608,3,9,0.02537137176169512,59,0.9160016625644971
251,9206.0,0.7184169331941248,0.11573239196134923,depthwise,0.04525766423643995,3,2,0.03056641001338737,59,0.5012018323253401
252,16698.0,0.8385693742243578,0.7327650547202267,lossguide,0.09117689579999025,44,2,0.017859857932767162,59,0.6890424943489287
253,28862.0,0.8343754385584159,0.7068571594734578,depthwise,0.06181638635222452,89,5,0.03642928339872981,1,0.5107624026370989
254,11756.0,0.6521771319760115,0.43768305815102154,depthwise,0.1443730335117981,5,7,0.02957020615642533,59,0.8060377188906411
255,9524.0,0.9842070018039466,0.5949947429823621,lossguide,0.20499129253076345,3,5,0.045787328782972495,59,0.9466918198283456
256,15988.0,0.9562423773949993,0.1468794698871927,lossguide,0.1823865843230556,10,8,0.029771345584020784,59,0.7414683724794731
257,13976.0,0.8395540702317389,0.10598927452297487,lossguide,0.08808319482067528,10,8,0.025316015480094597,59,0.7420435562113773
258,14982.0,0.8804413892590007,0.6949047654505606,lossguide,0.09036800876026112,53,7,0.013034625249844677,59,0.803659299596881
259,12714.0,0.9345065094379548,0.3276474176142455,lossguide,0.05946264506350059,39,9,0.03491943066397844,59,0.5332099110241131
260,9132.0,0.8889524261988486,0.10471351585105781,lossguide,0.06045092855859571,3,6,0.025119778820709253,59,0.7805456653955096
261,13258.0,0.8530223188735335,0.7021467470026528,lossguide,0.05114506596611826,67,9,0.031142342356245002,59,0.7916619018967685
262,46848.0,0.7820393843099985,0.674031559282625,depthwise,0.059087777477046764,2,7,0.00960010247409734,1,0.7417494232574362
263,13206.0,0.8186592062690197,0.1410039730470104,lossguide,0.06129635841142522,66,9,0.02488643520349408,59,0.5443946211394386
264,29884.0,0.6742257517211063,0.674031559282625,lossguide,0.059087777477046764,6,9,0.011520756933684071,1,0.9223672226961109
265,11260.0,0.6672238320300162,0.19192721186364842,lossguide,0.022579783077741444,8,6,0.016485545376318883,59,0.7821542552210146
266,13372.0,0.8238175542804991,0.7478252007910814,depthwise,0.0651961097538303,89,8,0.03449138491077538,59,0.5149076116831461
267,13708.0,0.6975542477196147,0.4102405200137803,lossguide,0.06037069891450765,87,8,0.03632104089750826,59,0.929672984827106
268,14080.0,0.8730791974845008,0.6957590343974419,depthwise,0.0884856518909837,65,9,0.039345415539288664,59,0.7188366586443551
269,14226.0,0.9537659526926334,0.7113424275823699,depthwise,0.06288689309583664,51,8,0.029771345584020784,59,0.7409973650659619
270,8380.0,0.7828277870896302,0.1197228353330877,depthwise,0.06565488066149174,3,8,0.025009889883672927,59,0.9359965869320337
271,31894.0,0.87501088185133,0.15903348260582562,depthwise,0.07390857682620594,4,8,0.02219755658435546,1,0.6974378064617774
272,11304.0,0.7452004800123693,0.5330885582512805,depthwise,0.04666690696419555,7,4,0.03150374541117462,59,0.7134996386222824
273,29978.0,0.8200767119359919,0.3772953016071252,depthwise,0.06500614491066378,41,9,0.03865349656019733,1,0.5117045873392165
274,13064.0,0.6916694454401151,0.7174597900462157,depthwise,0.01937455733123266,15,6,0.02060367975428486,59,0.5880981277875277
275,16450.0,0.955906440964315,0.7387287475572484,depthwise,0.09036800876026112,38,6,0.022787865521312758,59,0.8115620584216976
276,33080.0,0.8272043858632596,0.5433065141766813,lossguide,0.05952977288732642,4,3,0.02720050594069691,1,0.5875649239906738
277,7944.0,0.8389074792903426,0.1314453320041778,lossguide,0.20523158720760284,2,5,0.031090311587020775,59,0.8092718145881542
278,11060.0,0.9206408427058071,0.238290667952125,depthwise,0.5883992266998748,2,10,0.02357096503590459,59,0.7428954545902182
279,10954.0,0.7852316905798181,0.7321517557056957,depthwise,0.06837549679299675,6,5,0.015961570110790177,59,0.8221765046538572
280,16588.0,0.6960501613174676,0.6916181529096025,depthwise,0.21699076510625234,15,6,0.005849197590383184,59,0.5237860019082063
281,8472.0,0.6885045152763172,0.11937088281855562,lossguide,0.15274322066306834,2,9,0.031090311587020775,59,0.939415992205922
282,13330.0,0.8417752558306458,0.48698614060971196,depthwise,0.06296803543751069,70,10,0.02650599681607636,59,0.765255655183506
283,25582.0,0.8721828926037115,0.7478520361554541,depthwise,0.20771276117768445,4,5,0.045787328782972495,1,0.9999908340706282
284,25562.0,0.8372301924439821,0.4519211579793903,depthwise,0.11333060836242684,70,4,0.03642928339872981,1,0.8155553208565162
285,14084.0,0.8539275926183822,0.743778447520375,depthwise,0.06895293945740147,67,8,0.02720050594069691,59,0.8120858429145535
286,8648.0,0.7452004800123693,0.4924692380332762,lossguide,0.20482390944198786,3,7,0.026690924697256486,59,0.9367060239624185
287,28366.0,0.8356718027184064,0.7217481768358395,lossguide,0.06181638635222452,86,9,0.0382025898218851,1,0.9260670270937388
288,39860.0,0.7213139380536068,0.5063719940458685,lossguide,0.04489569426194298,3,3,0.02720050594069691,1,0.7895105794608757
289,13620.0,0.9241583944202835,0.7105976036264001,lossguide,0.06181638635222452,82,7,0.03189834761098717,59,0.7614407789161522
290,15174.0,0.8187078615514356,0.4472641166137481,lossguide,0.1450974091512007,8,7,0.029761445191287313,59,0.8071549970843799
291,15970.0,0.9543187536181047,0.7116696278125197,lossguide,0.16214906719325983,10,5,0.037590138019780554,59,0.7702468103053192
292,25820.0,0.9579274253813809,0.36766212132988446,lossguide,0.24118068762209735,45,9,0.038597933938338616,1,0.5372655295112583
293,25374.0,0.7878458848950095,0.7490323291823572,lossguide,0.1862524521352425,9,5,0.008521882169461484,1,0.7463065074685252
294,15608.0,0.8395344182827148,0.448199906285842,depthwise,0.1574402307299458,66,9,0.025015133680146486,59,0.7838195443243146
295,8564.0,0.7128395092189973,0.5911035195158963,lossguide,0.20092413561899353,3,9,0.03145179346504296,59,0.9194210678383853
296,16592.0,0.8890839971331894,0.7372499681736269,lossguide,0.20543957528097295,92,5,0.04709977838059977,59,0.7808245906914935
297,15866.0,0.8351178943841248,0.7444247014604971,lossguide,0.19746333177452757,30,8,0.04006199239778613,59,0.9490627667684125
298,24500.0,0.9624982683987028,0.7322121341443314,lossguide,0.17930720523581417,15,6,0.03631998236362689,1,0.5384183806725104
299,17018.0,0.8869790346366819,0.10471351585105781,depthwise,0.06132234887905913,62,2,0.025075191362585594,59,0.7805456653955096
300,13922.0,0.8784495149855004,0.34440263271640986,lossguide,0.11121691103433039,53,9,0.0389424917823245,59,0.5235751988616596
301,15946.0,0.7030096632401351,0.5911035195158963,lossguide,0.20092413561899353,42,9,0.029880134057450044,59,0.5369642076058474
302,13372.0,0.8395344182827148,0.1028085760023627,lossguide,0.06129635841142522,66,9,0.024966281973525784,59,0.7735270995025485
303,8824.0,0.8889524261988486,0.10471351585105781,lossguide,0.06054265738026944,3,6,0.012765181480117911,59,0.8010231199305781
304,9752.0,0.9842070018039466,0.717844946157213,depthwise,0.21484911381540495,3,5,0.045787328782972495,59,0.9462768121094558
305,14184.0,0.9327460813743523,0.48698614060971196,depthwise,0.06023896426496078,67,9,0.025305368493798195,59,0.9581048048584122
306,13022.0,0.8186592062690197,0.14086789863428575,lossguide,0.044666654068077155,66,9,0.022438103020497004,59,0.5438914921907696
307,9532.0,0.653965157174671,0.11099759008757687,depthwise,0.04525766423643995,3,2,0.01560129039262802,59,0.502940711043474
308,13894.0,0.6975542477196147,0.1036844061623596,depthwise,0.06037069891450765,87,8,0.03018278578144043,59,0.929672984827106
309,27208.0,0.8714452929287599,0.36871429463451943,lossguide,0.15263454911119928,54,9,0.03127063949864769,1,0.5235751988616596
310,9268.0,0.7870558743581748,0.4961969168889114,lossguide,0.20482390944198786,3,7,0.026690924697256486,59,0.9367060239624185
311,14388.0,0.9305736103648203,0.12386173217824706,lossguide,0.08808319482067528,10,8,0.025316015480094597,59,0.7463383564608659
312,8694.0,0.9371207194503905,0.2030642541598854,depthwise,0.053118756548595325,3,7,0.02357096503590459,59,0.7821621966274973
313,35972.0,0.7204591435861076,0.515329267751003,lossguide,0.042218229118572426,4,8,0.02720050594069691,1,0.5361784163612491
314,9110.0,0.7151198040082758,0.11512791544134998,depthwise,0.04411489603718807,3,5,0.0310901421224662,59,0.7199570819282755
315,27978.0,0.924100184456617,0.7105976036264001,lossguide,0.06741831907027301,76,8,0.02357170728071969,1,0.7424526425065583
316,9966.0,0.8530223188735335,0.14200854211049496,lossguide,0.051653897308870864,2,9,0.031142342356245002,59,0.7916619018967685
317,25974.0,0.7605991475947149,0.5361638908097888,lossguide,0.26321434513622377,3,8,0.030095401791323834,1,0.9457402704439816
318,12834.0,0.7882718053327011,0.5116526378057153,lossguide,0.06307891507698468,10,9,0.04123268216444766,59,0.7152412913693743
319,13210.0,0.8530223188735335,0.672785728202311,lossguide,0.059129621777370286,63,9,0.02495810135703255,59,0.7814517452479547
320,29674.0,0.7852316905798181,0.41713913899760907,depthwise,0.06837549679299675,5,5,0.015961570110790177,1,0.8038956221500806
321,9650.0,0.8539275926183822,0.47479240382282645,lossguide,0.06278520223766774,2,10,0.02653170580066408,59,0.7657668027447754
322,29080.0,0.6213736244600425,0.4353863339268655,depthwise,0.0651961097538303,89,7,0.02942216067731989,1,0.5149076116831461
323,30102.0,0.8375393566463705,0.1314453320041778,lossguide,0.20523158720760284,2,5,0.031090311587020775,1,0.7633688558179128
324,33370.0,0.9345065094379548,0.12126655466874715,lossguide,0.05946264506350059,4,8,0.03491943066397844,1,0.5332099110241131
325,31380.0,0.9562151142092814,0.36766212132988446,depthwise,0.08629970092044265,4,9,0.0385441955250944,1,0.9159004871332788
326,8776.0,0.6871962606641218,0.118346354977001,lossguide,0.18162545378552208,2,9,0.029432121086959903,59,0.9470881968208531
327,32792.0,0.8228414168063879,0.23623340314233057,depthwise,0.022488253340518908,15,6,0.024993927155849784,1,0.7809860299326573
328,14038.0,0.7193118194215812,0.675403286485032,lossguide,0.02307270121505038,18,6,0.02060367975428486,59,0.588435288127944
329,17244.0,0.8241914506302301,0.6943763247019483,lossguide,0.2104427697716365,11,4,0.04609476381962533,59,0.7575573919485936
330,8356.0,0.8890839971331894,0.21145372811280233,lossguide,0.05153147663779252,4,5,0.0235073731707219,59,0.7772199705118787
331,26568.0,0.7849795940794353,0.7377822767046903,depthwise,0.06837549679299675,10,5,0.03092668973785186,1,0.8137763779161974
332,9500.0,0.817190799562576,0.41767883129797356,depthwise,0.05989174286182318,2,2,0.03660133328273571,59,0.5026310748173779
333,8118.0,0.6955087322419753,0.12032236546899891,lossguide,0.11132558258619978,3,9,0.038089628879744715,59,0.939415992205922
334,14422.0,0.7452004800123693,0.6857189981389278,lossguide,0.12362827303845753,8,8,0.028076917161536537,59,0.946916995300454
335,14408.0,0.8432862335538271,0.34440263271640986,depthwise,0.11121691103433039,35,9,0.0385441955250944,59,0.5453865770653368
336,16842.0,0.8353943953937937,0.7217481768358395,depthwise,0.5982981917658952,82,10,0.011328054824346762,59,0.7579489016032689
337,37060.0,0.7823167916346112,0.5894400102322535,depthwise,0.06053808685907608,3,2,0.02537137176169512,1,0.9392366548211903
338,24276.0,0.7434311806781098,0.5536982692543333,lossguide,0.1992710488869582,7,8,0.03671902886814091,1,0.9391686691752579
339,27466.0,0.9206990526694736,0.304675270483473,depthwise,0.5883992266998748,2,10,0.03189760536617179,1,0.7611580740634692
340,16542.0,0.8385764077975448,0.6925440712124192,lossguide,0.20553427357965273,70,3,0.031090311587020775,59,0.6911207278390701
341,26610.0,0.9846224161823045,0.5902161206437903,lossguide,0.23171075596478852,3,5,0.04690760820057374,1,0.9423106628766489
342,15960.0,0.8375068715458169,0.7362569553334402,lossguide,0.09000282586037858,65,5,0.02412917316830899,59,0.7830486283733097
343,10048.0,0.7213139380536068,0.5158194014738614,depthwise,0.04489569426194298,2,3,0.02720050594069691,59,0.5587285610737645
344,8416.0,0.7823167916346112,0.5064286491009479,lossguide,0.06220181895308442,4,9,0.02534089553042018,59,0.8825383444644378
345,28658.0,0.7039039798249861,0.7243166803094601,depthwise,0.06181638635222452,91,8,0.036374779310752475,1,0.9330599452933119
346,27062.0,0.8417752558306458,0.7473039879607263,lossguide,0.06826435233678098,65,7,0.027174796956109193,1,0.8115746953532842
347,26682.0,0.8546211248072277,0.7489268791566088,depthwise,0.1443730335117981,5,9,0.03463943038988081,1,0.8060377188906411
348,10646.0,0.6738211865373563,0.19192721186364842,lossguide,0.022579783077741444,2,6,0.016485545376318883,59,0.8075880642949975
349,27064.0,0.7828277870896302,0.3263057299062737,depthwise,0.06565488066149174,39,9,0.025009889883672927,1,0.9359965869320337
350,16094.0,0.7452004800123693,0.4916417692922041,depthwise,0.5961802348396443,3,7,0.026690924697256486,59,0.9541473853811068
351,9966.0,0.8895541578703804,0.10693985630552952,lossguide,0.03049833055261358,7,9,0.023585048819551927,59,0.7901660121162091
352,10974.0,0.8228414168063879,0.17882806091540776,lossguide,0.022579783077741444,8,6,0.015684180577980635,59,0.8014634844677256
353,14122.0,0.8750687958302305,0.19192721186364842,lossguide,0.05170552479555029,16,6,0.023403567638446972,59,0.8075880642949975
354,8772.0,0.7133473587508395,0.5063105433331114,lossguide,0.05942817005942475,3,9,0.03491943066397844,59,0.5319274957736131
355,9712.0,0.7213139380536068,0.533644910146803,depthwise,0.04489569426194298,2,3,0.02720050594069691,59,0.5715534624574734
356,13770.0,0.6715864743098089,0.14543578702468046,lossguide,0.044666654068077155,64,8,0.022438103020497004,59,0.5438914921907696
357,10160.0,0.9842070018039466,0.5949947429823621,lossguide,0.24883941667086076,3,5,0.0312705406266258,59,0.946690112797306
358,7624.0,0.8385764077975448,0.14672250058344571,lossguide,0.24814962445178415,2,2,0.031090311587020775,59,0.6911207278390701
359,25364.0,0.7054359298485771,0.6911525874868264,lossguide,0.2050544559836186,6,5,0.045787328782972495,1,0.9394326202399977
360,12740.0,0.7986850745573506,0.6943763247019483,depthwise,0.15054105997354333,5,4,0.04107074847650178,59,0.7166752278107065
361,14328.0,0.653965157174671,0.11099759008757687,depthwise,0.04702474483601188,12,2,0.01560129039262802,59,0.5049351681654975
362,9986.0,0.6925942921364789,0.2030642541598854,depthwise,0.02043618447662816,3,6,0.020715045928520776,59,0.7821621966274973
363,9780.0,0.727232646138869,0.13311840407146988,depthwise,0.05368495145482326,2,8,0.024913500833248156,59,0.9366209607825956
364,12260.0,0.7811049838609713,0.47507704551807894,lossguide,0.06278520223766774,10,10,0.02532613229109148,59,0.7647264960345872
365,45264.0,0.7862472410484537,0.11374082850113076,depthwise,0.05989174286182318,2,7,0.026907580539715176,1,0.5378739832513526
366,9374.0,0.817190799562576,0.41767883129797356,depthwise,0.05989174286182318,2,9,0.03660133328273571,59,0.920131057873526
367,11862.0,0.8883856195622925,0.21782796608964236,lossguide,0.059087777477046764,8,9,0.02533891299972927,59,0.9223672226961109
368,8554.0,0.8530223188735335,0.14200854211049496,lossguide,0.13324801766591426,2,7,0.031164239934684135,59,0.7921485881178106
369,9494.0,0.7847469748475053,0.12032236546899891,lossguide,0.06742390705712975,2,10,0.038089628879744715,59,0.8155362108072625
370,11126.0,0.7452004800123693,0.7192571414614574,depthwise,0.04666690696419555,7,4,0.03150374541117462,59,0.7134996386222824
371,31018.0,0.8389074792903426,0.1314453320041778,lossguide,0.20521975879308804,2,5,0.03094944060691729,1,0.8092718145881542
372,8356.0,0.7213139380536068,0.5158194014738614,lossguide,0.04489569426194298,4,3,0.027418579408152677,59,0.8001990905412144
373,12130.0,0.9190201542981442,0.23076878089739103,depthwise,0.5883992266998748,2,6,0.025105695037061917,59,0.7803441948732914
374,8740.0,0.6613284197792016,0.11937088281855562,lossguide,0.15274322066306834,2,9,0.032507596555138185,59,0.939415992205922
375,10734.0,0.687836353417792,0.21145372811280233,lossguide,0.02240576426910562,2,5,0.016589350908593897,59,0.7772199705118787
376,13154.0,0.8395344182827148,0.10471351585105781,depthwise,0.06129635841142522,60,9,0.02488643520349408,59,0.7751257381856914
377,16378.0,0.9416104058626514,0.34325913821540327,lossguide,0.044930169266018956,39,3,0.02720050594069691,59,0.5536545541203315
378,9504.0,0.8380892065972607,0.7223221871145991,lossguide,0.06808151913693805,2,9,0.028766968907304704,59,0.8120858429145535
379,9110.0,0.7151198040082758,0.10474555535542336,depthwise,0.04411489603718807,3,5,0.0310901421224662,59,0.7199570819282755
380,9770.0,0.8187458518511049,0.6701735801862777,lossguide,0.059087777477046764,2,9,0.02720050594069691,59,0.9040072744406589
381,25276.0,0.7452004800123693,0.6894480624817656,lossguide,0.20765738684376014,6,6,0.04573564580219841,1,0.9469187023314936
382,8552.0,0.7833013062816749,0.5348433688800242,lossguide,0.20771276117768445,3,8,0.031219010063673176,59,0.9457402704439816
383,16432.0,0.9895285483787803,0.1168378524430437,lossguide,0.21786014040534796,18,8,0.031090311587020775,59,0.9466751917942698
384,12800.0,0.9251699561339445,0.5116526378057153,lossguide,0.06307891507698468,10,9,0.04608911545593978,59,0.9442989143255218
385,18140.0,0.9206408427058071,0.22927571295564816,lossguide,0.5615718790896614,25,10,0.02357096503590459,59,0.7425659212201009
386,13734.0,0.8998135888366231,0.7174597900462157,depthwise,0.05205754956362214,16,6,0.02345959886166868,59,0.5880981277875277
387,8526.0,0.7800944807611859,0.5570679774203309,lossguide,0.21289843913400597,3,8,0.03154818251546772,59,0.9356684101538544
388,32992.0,0.8570652328131179,0.5061440074056954,lossguide,0.06220181895308442,4,10,0.026546469039992783,1,0.8835786511076633
389,9604.0,0.8179994328722971,0.4961969168889114,lossguide,0.20482390944198786,3,2,0.030246422324209862,59,0.9261415438945899
390,8956.0,0.7823167916346112,0.5889498765093982,lossguide,0.06053808685907608,3,3,0.02537137176169512,59,0.5035311856858412
391,8214.0,0.7830151691801057,0.6582527072883873,depthwise,0.07813283613262387,4,5,0.0235073731707219,59,0.7808245906914935
392,29266.0,0.6521771319760115,0.43768305815102154,depthwise,0.08699217282166469,5,9,0.025366900463081054,1,0.805551032669599
393,13506.0,0.6959934479742903,0.7321517557056957,lossguide,0.11227717232364282,6,5,0.015961570110790177,59,0.9460560443033644
394,25492.0,0.9842070018039466,0.5316378963970622,depthwise,0.21484911381540495,5,5,0.045787328782972495,1,0.9462768121094558
395,8442.0,0.6871962606641218,0.118346354977001,depthwise,0.18163728220003686,3,9,0.02957299206706339,59,0.9591508550401567
396,29264.0,0.8992956149066716,0.10471351585105781,depthwise,0.06054265738026944,7,6,0.012547108055886283,1,0.5595593325214526
397,9868.0,0.8889524261988486,0.10471351585105781,depthwise,0.06045092855859571,2,6,0.025119778820709253,59,0.7805456653955096
398,8760.0,0.8890839971331894,0.21131764841423753,depthwise,0.05862786766689463,4,5,0.0235073731707219,59,0.7808245906914935
399,9598.0,0.8530223188735335,0.14200854211049496,depthwise,0.051653897308870864,6,9,0.031142342356245002,59,0.7952567636717001
400,39866.0,0.7452004800123693,0.5540311265465687,lossguide,0.04836006059441639,3,5,0.031083125494867633,1,0.9457402704439816
401,9498.0,0.7832778990929812,0.5064286491009479,lossguide,0.06220181895308442,2,9,0.02534089553042018,59,0.8825383444644378
402,9116.0,0.9371207194503905,0.2375915311396439,depthwise,0.18597987479225525,3,7,0.02357096503590459,59,0.7821621966274973
403,9108.0,0.6565100489486743,0.145759247788895,lossguide,0.03694333891383408,4,9,0.03214496315107014,59,0.5159741581717819
404,8952.0,0.6708756131336975,0.12230187167161401,lossguide,0.04470091804396009,6,8,0.031145791564278016,59,0.9387788352367593
405,27490.0,0.7209220689593215,0.5335416764217356,lossguide,0.20771276117768445,3,8,0.031219010063673176,1,0.9440179755659719
406,65302.0,0.8975163346322719,0.21131764841423753,depthwise,0.02334850057602733,2,2,0.022910766471089385,1,0.7977903673065079
407,45062.0,0.817190799562576,0.41767883129797356,lossguide,0.05989174286182318,2,2,0.03660133328273571,1,0.5101720679815919
408,9246.0,0.790637111321782,0.5821404340141502,lossguide,0.060531640797180236,3,3,0.025366249150111642,59,0.5035311856858412
409,8808.0,0.653965157174671,0.1420621488177609,depthwise,0.06825079790106776,3,9,0.015225094678348065,59,0.502940711043474
410,9070.0,0.7452004800123693,0.1129087925627548,lossguide,0.20482390944198786,3,7,0.026690924697256486,59,0.9359672827807085
411,35862.0,0.7213139380536068,0.5158194014738614,depthwise,0.04489569426194298,4,3,0.027418579408152677,1,0.8001990905412144
412,8554.0,0.6477950005554012,0.11937088281855562,lossguide,0.18162545378552208,2,6,0.013053741700203576,59,0.9407817342857251
413,8438.0,0.7170159285877046,0.11567950842089719,depthwise,0.05153147663779252,4,5,0.020525234480479236,59,0.7208791192743933
414,9116.0,0.7213139380536068,0.12393398484498067,lossguide,0.04489569426194298,3,3,0.02720050594069691,59,0.5578135566317535
415,9958.0,0.8389074792903426,0.1314453320041778,lossguide,0.046307011612156106,2,5,0.023414570343327456,59,0.7813520647947063
416,44864.0,0.817190799562576,0.10487787158145413,depthwise,0.05989174286182318,2,2,0.03111916370280245,1,0.5026310748173779
417,8720.0,0.8800261108835117,0.10471351585105781,lossguide,0.06045092855859571,3,6,0.025119778820709253,59,0.9388503749490522
418,10524.0,0.8530223188735335,0.14200854211049496,lossguide,0.051653897308870864,7,9,0.03155439103193612,59,0.9473968747810608
419,9542.0,0.7823167916346112,0.6683905370726057,lossguide,0.06053808685907608,2,9,0.02537137176169512,59,0.9223178280911319
420,31812.0,0.8179994328722971,0.4961969168889114,lossguide,0.21448308822830028,2,2,0.030246422324209862,1,0.9266370910834154
421,16594.0,0.7357293737870221,0.6816373018032988,lossguide,0.20092413561899353,11,9,0.031435267062581596,59,0.9194210678383853
422,10298.0,0.7164016671043505,0.10860418916747916,depthwise,0.04525766423643995,6,2,0.03056641001338737,59,0.5012018323253401
423,29076.0,0.7847469748475053,0.13729731867498285,depthwise,0.07288538137534793,7,10,0.02667788915532899,1,0.8248199875773414
424,33404.0,0.817190799562576,0.41767883129797356,depthwise,0.15130770615220918,2,9,0.03159816470520922,1,0.9204925401335793
425,10554.0,0.835068643654497,0.1314453320041778,depthwise,0.20604047267047895,3,2,0.031090311587020775,59,0.6911207278390701
426,29012.0,0.6718992095561596,0.12422967531174138,depthwise,0.18163728220003686,3,9,0.02957299206706339,1,0.9591508550401567
427,8226.0,0.7089567166304871,0.4811272185389388,depthwise,0.15416115433138433,2,9,0.033005349291395425,59,0.959251396351489
428,8174.0,0.7141480114275305,0.674031559282625,depthwise,0.2105772652828435,2,9,0.027145025963439668,59,0.906847288916989
429,10092.0,0.7455923491066546,0.497603093671657,depthwise,0.03865125431762148,2,3,0.02720050594069691,59,0.5715534624574734
430,26092.0,0.8385764077975448,0.14672250058344571,depthwise,0.24814962445178415,4,5,0.031009668785565804,1,0.6911207278390701
431,8596.0,0.8442603628665015,0.14200854211049496,depthwise,0.13324801766591426,2,7,0.037769909254095325,59,0.78869544850956
432,9598.0,0.8645988648826249,0.47479240382282645,lossguide,0.06279164829956359,2,10,0.026536828412247557,59,0.7657668027447754
433,10824.0,0.8380892065972607,0.69472316216311,depthwise,0.04508838547240079,6,2,0.029050308349971823,59,0.8120858429145535
434,12038.0,0.7828277870896302,0.5033527944998406,depthwise,0.06565488066149174,8,8,0.029670507808479515,59,0.9303047406937319
435,9644.0,0.7204591435861076,0.5596877265692155,lossguide,0.04489569426194298,3,3,0.026897151028695235,59,0.5587285610737645
436,8622.0,0.9005212807968409,0.10471351585105781,lossguide,0.06054265738026944,3,9,0.030801751601852993,59,0.7996572147150722
437,9422.0,0.8871878674012307,0.21092101392263485,depthwise,0.04411489603718807,3,5,0.0310901421224662,59,0.7352042953240299
438,8260.0,0.6955087322419753,0.5135519436557153,lossguide,0.09810198448961584,3,9,0.038089628879744715,59,0.9801429648783104
439,11246.0,0.8890839971331894,0.21131764841423753,depthwise,0.16635217657703477,4,5,0.03118311441441514,59,0.8087443404849413
440,39868.0,0.7151198040082758,0.10474555535542336,depthwise,0.04411489603718807,3,5,0.03108926060842151,1,0.7199570819282755
441,8214.0,0.69612255616349,0.118346354977001,depthwise,0.18162545378552208,2,8,0.029925513436505964,59,0.7887825916928857
442,25168.0,0.7620834738158071,0.5348433688800242,lossguide,0.20771276117768445,8,8,0.029632414174054572,1,0.8513685777386991
443,43364.0,0.7823167916346112,0.5945908986317713,depthwise,0.030916603084323122,3,9,0.02533891299972927,1,0.898242174356773
444,27904.0,0.7405427577054311,0.6894480624817656,lossguide,0.20764599925869134,3,7,0.031219010063673176,1,0.9464214481116285
445,8548.0,0.6885045152763172,0.11919710426826757,lossguide,0.15274322066306834,3,9,0.031106837989482133,59,0.939415992205922
446,8968.0,0.78503043526988,0.6778632132192889,depthwise,0.09973047966820382,4,5,0.022298642678066038,59,0.7808245906914935
447,28100.0,0.7733352181821647,0.48031228526462844,depthwise,0.1993625538065984,3,7,0.0381026644188925,1,0.9274222300190834
448,27002.0,0.7800944807611859,0.5963190059891148,lossguide,0.21289843913400597,3,8,0.03655135109299419,1,0.9353069278938011
449,9578.0,0.8539275926183822,0.743778447520375,lossguide,0.06808151913693805,2,8,0.02720050594069691,59,0.8452391305053983
450,8606.0,0.6511867120833412,0.25926909777856944,depthwise,0.07813283613262387,4,2,0.015430432398759202,59,0.5002352240906348
451,8328.0,0.7461296370095913,0.11412692003112597,lossguide,0.08121262415272892,3,9,0.038089628879744715,59,0.939415992205922
452,9274.0,0.7132758132465609,0.5911035195158963,lossguide,0.20092413561899353,3,9,0.03168480969570421,59,0.7822267842404643
453,8868.0,0.69612255616349,0.118346354977001,lossguide,0.09485419765590244,2,8,0.029925513436505964,59,0.7855250958265644
454,10164.0,0.7120080612878369,0.5201406357407844,lossguide,0.04489569426194298,2,9,0.02715421842038194,59,0.8001990905412144
455,31962.0,0.8890839971331894,0.21131764841423753,depthwise,0.058677658617422565,4,5,0.0235073731707219,1,0.7553221298793155
456,33602.0,0.784826649302752,0.674590768893299,depthwise,0.15274322066306834,2,9,0.032507596555138185,1,0.9427363755056136
457,66004.0,0.6885045152763172,0.10448570737404282,depthwise,0.026763373611288905,2,6,0.031025148376506783,1,0.939415992205922
458,12028.0,0.8530223188735335,0.13584009822489804,lossguide,0.07343764565076023,7,7,0.01630068370065193,59,0.7921485881178106
459,36468.0,0.6974338525940104,0.5139209953159969,lossguide,0.06053808685907608,3,3,0.02589223147129311,1,0.502437431814048
460,9502.0,0.887920763061882,0.13325962183899037,depthwise,0.07813283613262387,2,5,0.025675460252222553,59,0.7803428241854734
461,10316.0,0.899296561781388,0.543778907800786,lossguide,0.05199693243265821,6,10,0.030801751601852993,59,0.7652470263379745
462,27920.0,0.7101135341143587,0.1189052071687152,lossguide,0.20843268496922807,3,8,0.031147289599884286,1,0.9388057743739765
463,9554.0,0.7151198040082758,0.10491541331081511,depthwise,0.040099437013244615,3,6,0.0310901421224662,59,0.7199570819282755
464,8438.0,0.6871962606641218,0.11888674770276966,depthwise,0.18162545378552208,2,9,0.02986799646249458,59,0.9035994189585221
465,8384.0,0.6871962606641218,0.10003741675560618,lossguide,0.18163728220003686,2,9,0.02957299206706339,59,0.6964463229991088
466,14276.0,0.7830151691801057,0.6582527072883873,lossguide,0.07813283613262387,10,5,0.0235073731707219,59,0.9477613563801323
467,8586.0,0.6517320352428949,0.23968183020608522,depthwise,0.18597987479225525,3,7,0.02357096503590459,59,0.7821621966274973
468,9532.0,0.6569349958160294,0.145759247788895,depthwise,0.03707462798023138,3,9,0.03586001709966881,59,0.5151058202070286
469,8838.0,0.7385907779269882,0.12333589685997129,lossguide,0.06081587288179202,3,3,0.03015777452226478,59,0.5578135566317535
470,26486.0,0.7133505046740164,0.11937088281855562,lossguide,0.20604047267047895,4,8,0.027926198856172264,1,0.939415992205922
471,36874.0,0.8800261108835117,0.11995385984874937,depthwise,0.06559108857195549,3,6,0.025012750365727105,1,0.9557436240951568
472,8976.0,0.8601337195114016,0.2028502754203285,lossguide,0.053118756548595325,3,5,0.023510710912028606,59,0.7772194994208976
473,33210.0,0.7089567166304871,0.4811272185389388,depthwise,0.15416115433138433,2,5,0.033005349291395425,1,0.9577088497616897
474,36676.0,0.653965157174671,0.14673991270273207,depthwise,0.05973029749045039,3,9,0.015061659777152885,1,0.502940711043474
475,8100.0,0.6945795752447532,0.6894480624817656,lossguide,0.21080188255360444,2,7,0.031219010063673176,59,0.946916995300454
476,34098.0,0.8438240588317582,0.14200854211049496,lossguide,0.13324801766591426,2,6,0.03753689302343317,1,0.9258896847357656
477,14618.0,0.785061886999634,0.5064286491009479,depthwise,0.1806544083019675,8,9,0.02534089553042018,59,0.885795840316131
478,12242.0,0.7141480114275305,0.6697102758823525,depthwise,0.2105772652828435,4,3,0.027409386951210403,59,0.906847288916989
479,8204.0,0.7170159285877046,0.14087479410519213,depthwise,0.05148168568726459,4,5,0.020525234480479236,59,0.7208791192743933
480,7862.0,0.6615322057485881,0.1256413932508204,depthwise,0.09973047966820382,3,5,0.022298642678066038,59,0.7775033687772825
481,12200.0,0.8889524261988486,0.11940982927861217,lossguide,0.15656792032708627,5,9,0.025119778820709253,59,0.821554965644824
482,10798.0,0.6901356447458,0.26544072067437324,depthwise,0.13794320820144926,4,2,0.031213693684618966,59,0.5002352240906348
483,8004.0,0.7803916712825776,0.5885808248491134,lossguide,0.09810198448961584,3,9,0.03329854433249333,59,0.9914652967558073
484,12704.0,0.8385764077975448,0.20611378117341195,depthwise,0.20604047267047895,4,3,0.023559050618380654,59,0.6916024943450935
485,8236.0,0.7833013062816749,0.10531701556029588,depthwise,0.17173715035670284,3,8,0.031219010063673176,59,0.9457402704439816
486,9428.0,0.670661393893654,0.540712854470667,lossguide,0.04399245809054686,6,8,0.031217512028066902,59,0.9457133313067644
487,8328.0,0.6885045152763172,0.11902731475308849,lossguide,0.15416358743227743,3,9,0.031106837989482133,59,0.939415992205922
488,9490.0,0.7800944807611859,0.5587582748076352,depthwise,0.21289843913400597,3,8,0.03154818251546772,59,0.9468702524374343
489,25382.0,0.8385764077975448,0.1481836729013166,depthwise,0.24814962445178415,5,2,0.031090311587020775,1,0.9537681039885508
490,8590.0,0.6871962606641218,0.11937088281855562,depthwise,0.18162545378552208,2,9,0.031090311587020775,59,0.7724764480066184
491,8300.0,0.9331700780510902,0.1173312438069406,lossguide,0.1698971606808778,2,6,0.013053741700203576,59,0.9407817342857251
492,8318.0,0.7476723142886523,0.11512791544134998,depthwise,0.1608489820161362,3,5,0.03441597220319845,59,0.7212661839955339
493,8934.0,0.8716755834724159,0.10203221310457981,lossguide,0.0446224787604214,3,6,0.012765181480117911,59,0.8010231199305781
494,37770.0,0.7828277870896302,0.10448271437089421,lossguide,0.06051472064813197,3,8,0.025116918338655075,1,0.9388115456142863
495,11130.0,0.904977234688431,0.21166770685235928,depthwise,0.07113477787017193,6,7,0.023567627294597885,59,0.7821626677184783
496,8062.0,0.8389074792903426,0.1314453320041778,lossguide,0.20523158720760284,2,9,0.031090311587020775,59,0.8092718145881542
497,8796.0,0.7133473587508395,0.509132091348962,depthwise,0.06794867047004213,3,9,0.034922012002605765,59,0.5319274957736131
498,28174.0,0.8890839971331894,0.21131764841423753,depthwise,0.057936854288764814,11,5,0.0235073731707219,1,0.7808245906914935
499,8390.0,0.9440700841704193,0.7093134513090404,lossguide,0.18625109875721602,2,7,0.023623176926229675,59,0.946916995300454
500,8328.0,0.8890839971331894,0.21131764841423753,lossguide,0.07882384951075427,4,5,0.0235073731707219,59,0.7511935843293951
